"","id_indiv","taxonomyID","province","trappingDate","latitude","longitude"
"1","r7161","tupaia-glis","Nan","2014-12-21",19.117165,101.149963
"2","r7167","tupaia-glis","Nan","2014-12-23",19.117165,101.149963
"3","r7168","tupaia-glis","Nan","2014-12-23",19.117165,101.149963
"4","r7165","rattus-tanezumi","Nan","2014-12-22",19.143328,101.15395
"5","r7166","berylmys-bowersi","Nan","2014-12-22",19.143328,101.15395
"6","r7176","hylomys-suillus","Nan","2014-12-24",19.143328,101.15395
"7","r7169","berylmys-bowersi","Nan","2014-12-23",19.117156,101.14983
"8","r7177","niviventer-fulvescens","Nan","2014-12-24",19.117156,101.14983
"9","r7180","mus-cookii","Nan","2014-12-24",19.117156,101.14983
"10","r7170","niviventer-fulvescens","Nan","2014-12-23",19.117156,101.14983
"11","r7171","niviventer-fulvescens","Nan","2014-12-23",19.117156,101.14983
"12","r7174","niviventer-fulvescens","Nan","2014-12-23",19.117156,101.14983
"13","r7175","niviventer-fulvescens","Nan","2014-12-23",19.117156,101.14983
"14","r7162","hylomys-suillus","Nan","2014-12-22",19.143514,101.151209
"15","r7178","rattus-andamanensis","Nan","2014-12-24",19.143514,101.151209
"16","r7179","rattus-andamanensis","Nan","2014-12-24",19.165773,101.165086
"17","r7163","rattus-andamanensis","Nan","2014-12-22",19.165773,101.165086
"18","r7164","rattus-andamanensis","Nan","2014-12-22",19.165773,101.165086
"19","r7173","rattus-andamanensis","Nan","2014-12-23",19.165773,101.165086
"20","r7172","rattus-andamanensis","Nan","2014-12-23",19.165773,101.165086
"21","r7136","niviventer-fulvescens","Nan","2013-12-17",19.1396550368518,100.71990698576
"22","r7137","maxomys-surifer","Nan","2013-12-17",19.1396550368518,100.71990698576
"23","r7138","berylmys-bowersi","Nan","2013-12-17",19.1396550368518,100.71990698576
"24","r7139","rattus-exulans","Nan","2013-12-17",19.1396550368518,100.71990698576
"25","r7140","berylmys-bowersi","Nan","2013-12-17",19.1396550368518,100.71990698576
"26","r7141","berylmys-bowersi","Nan","2013-12-17",19.1396550368518,100.71990698576
"27","r7142","berylmys-bowersi","Nan","2013-12-17",19.1396550368518,100.71990698576
"28","r7143","mus-sp","Nan","2013-12-17",19.1396550368518,100.71990698576
"29","r7144","rattus-exulans","Nan","2013-12-17",19.1396550368518,100.71990698576
"30","r7145","rattus-exulans","Nan","2013-12-17",19.1396550368518,100.71990698576
"31","r7146","rattus-exulans","Nan","2013-12-17",19.1396550368518,100.71990698576
"32","r7147","maxomys-surifer","Nan","2013-12-17",19.1396550368518,100.71990698576
"33","r7148","rattus-andamanensis","Nan","2013-12-17",19.1396550368518,100.71990698576
"34","r7149","leopoldamys-edwardsi","Nan","2013-12-18",19.1396550368518,100.71990698576
"35","r7150","bandicota-indica","Nan","2013-12-18",19.1396550368518,100.71990698576
"36","r7151","bandicota-indica","Nan","2013-12-18",19.1396550368518,100.71990698576
"37","r7152","bandicota-indica","Nan","2013-12-18",19.1396550368518,100.71990698576
"38","r7153","mus-pahari","Nan","2013-12-18",19.1396550368518,100.71990698576
"39","r7154","rattus-andamanensis","Nan","2013-12-18",19.1396550368518,100.71990698576
"40","r7155","rattus-exulans","Nan","2013-12-18",19.1396550368518,100.71990698576
"41","r7156","berylmys-bowersi","Nan","2013-12-18",19.1396550368518,100.71990698576
"42","r7157","hylomys-suillus","Nan","2013-11-19",19.1396550368518,100.71990698576
"43","r7158","maxomys-surifer","Nan","2013-11-19",19.1396550368518,100.71990698576
"44","r7159","bandicota-indica","Nan","2013-11-19",19.1396550368518,100.71990698576
"45","r7160","rattus-exulans","Nan","2013-11-19",19.1396550368518,100.71990698576
"46","r7181","berylmys-bowersi","Nan","2015-02-21",19.1392610035837,100.719249006361
"47","r7182","berylmys-bowersi","Nan","2015-02-21",19.1392610035837,100.719249006361
"48","r7183","berylmys-bowersi","Nan","2015-02-21",19.1392610035837,100.719249006361
"49","r7184","berylmys-berdmorei","Nan","2015-02-21",19.1392610035837,100.719249006361
"50","r7185","maxomys-surifer","Nan","2015-02-21",19.1392610035837,100.719249006361
"51","r7186","maxomys-surifer","Nan","2015-02-21",19.1392610035837,100.719249006361
"52","r7187","maxomys-surifer","Nan","2015-02-21",19.1392610035837,100.719249006361
"53","r7188","bandicota-indica","Nan","2015-02-22",19.1392610035837,100.719249006361
"54","r7189","berylmys-bowersii","Nan","2015-02-22",19.1392610035837,100.719249006361
"55","r7190","bandicota-indica","Nan","2015-02-22",19.1392610035837,100.719249006361
"56","r7191","maxomys-surifer","Nan","2015-02-22",19.1392610035837,100.719249006361
"57","r7192","maxomys-surifer","Nan","2015-02-22",19.1392610035837,100.719249006361
"58","r7193","maxomys-surifer","Nan","2015-02-22",19.1392610035837,100.719249006361
"59","r7194","maxomys-surifer","Nan","2015-02-22",19.1392610035837,100.719249006361
"60","r7235","mus-pahari","Nan","2015-02-24",19.1392610035837,100.719249006361
"61","r7196","hylomys-suillus","Nan","2015-02-22",19.1392610035837,100.719249006361
"62","r7197","berylmys-bowersi","Nan","2015-02-22",19.1392610035837,100.719249006361
"63","r7198","niviventer-fulvescens","Nan","2015-02-22",19.1392610035837,100.719249006361
"64","r7199","rattus-tanezumi","Nan","2015-02-22",19.1392610035837,100.719249006361
"65","r7200","niviventer-fulvescens","Nan","2015-02-22",19.1392610035837,100.719249006361
"66","r7201","rattus-tanezumi","Nan","2015-02-22",19.1392610035837,100.719249006361
"67","r7202","berylmys-sp","Nan","2015-02-22",19.1392610035837,100.719249006361
"68","r7203","rattus-exulans","Nan","2015-02-22",19.1392610035837,100.719249006361
"69","r7204","rattus-tanezumi","Nan","2015-02-22",19.1392610035837,100.719249006361
"70","r7205","rattus-tanezumi","Nan","2015-02-22",19.1392610035837,100.719249006361
"71","r7206","rattus-tanezumi","Nan","2015-02-22",19.1392610035837,100.719249006361
"72","r7207","rattus-exulans","Nan","2015-02-22",19.1392610035837,100.719249006361
"73","r7208","rattus-tanezumi","Nan","2015-02-22",19.1392610035837,100.719249006361
"74","r7209","rattus-tanezumi","Nan","2015-02-22",19.1392610035837,100.719249006361
"75","r7210","mus-cookii","Nan","2015-02-22",19.1392610035837,100.719249006361
"76","r7211","bandicota-indica","Nan","2015-02-23",19.1392610035837,100.719249006361
"77","r7212","bandicota-indica","Nan","2015-02-23",19.1392610035837,100.719249006361
"78","r7213","rattus-exulans","Nan","2015-02-23",19.1392610035837,100.719249006361
"79","r7214","berylmys-sp","Nan","2015-02-23",19.1392610035837,100.719249006361
"80","r7215","berylmys-sp","Nan","2015-02-23",19.1392610035837,100.719249006361
"81","r7216","rattus-andamanensis","Nan","2015-02-23",19.1392610035837,100.719249006361
"82","r7217","rattus-tanezumi","Nan","2015-02-23",19.1392610035837,100.719249006361
"83","r7218","rattus-sp","Nan","2015-02-23",19.1392610035837,100.719249006361
"84","r7219","berylmys-bowersi","Nan","2015-02-23",19.1392610035837,100.719249006361
"85","r7220","berylmys-bowersi","Nan","2015-02-23",19.1392610035837,100.719249006361
"86","r7221","berylmys-bowersi","Nan","2015-02-23",19.1392610035837,100.719249006361
"87","r7222","maxomys-surifer","Nan","2015-02-23",19.1392610035837,100.719249006361
"88","r7223","berylmys-bowersi","Nan","2015-02-23",19.1392610035837,100.719249006361
"89","r7224","berylmys-bowersi","Nan","2015-02-23",19.1392610035837,100.719249006361
"90","r7238","mus-cookii","Nan","2015-02-24",19.1392610035837,100.719249006361
"91","r7226","mus-pahari","Nan","2015-02-23",19.1392610035837,100.719249006361
"92","r7227","niviventer-fulvescens","Nan","2015-02-23",19.1392610035837,100.719249006361
"93","r7228","bandicota-indica","Nan","2015-02-24",19.1392610035837,100.719249006361
"94","r7229","bandicota-indica","Nan","2015-02-24",19.1392610035837,100.719249006361
"95","r7230","bandicota-indica","Nan","2015-02-24",19.1392610035837,100.719249006361
"96","r7231","bandicota-indica","Nan","2015-02-24",19.1392610035837,100.719249006361
"97","r7232","berylmys-bowersi","Nan","2015-02-24",19.1392610035837,100.719249006361
"98","r7233","berylmys-bowersi","Nan","2015-02-24",19.1392610035837,100.719249006361
"99","r7234","berylmys-bowersi","Nan","2015-02-24",19.1392610035837,100.719249006361
"100","r7248","niviventer-fulvescens","Nan","2015-02-24",19.1392610035837,100.719249006361
"101","r7236","mus-caroli","Nan","2015-02-24",19.1392610035837,100.719249006361
"102","r7237","mus-cookii","Nan","2015-02-24",19.1392610035837,100.719249006361
"103","r7251","berylmys-sp","Nan","2015-02-24",19.1392610035837,100.719249006361
"104","r7239","mus-cookii","Nan","2015-02-24",19.1392610035837,100.719249006361
"105","r7240","niviventer-fulvescens","Nan","2015-02-24",19.1392610035837,100.719249006361
"106","r7245","niviventer-fulvescens","Nan","2015-02-24",19.1392610035837,100.719249006361
"107","r7242","hylomys-suillus","Nan","2015-02-24",19.1392610035837,100.719249006361
"108","r7243","mus-cookii","Nan","2015-02-24",19.1392610035837,100.719249006361
"109","r7244","niviventer-fulvescens","Nan","2015-02-24",19.1392610035837,100.719249006361
"110","r7249","bandicota-indica","Nan","2015-02-24",19.1392610035837,100.719249006361
"111","r7246","niviventer-fulvescens","Nan","2015-02-24",19.1392610035837,100.719249006361
"112","r7247","rattus-tanezumi","Nan","2015-02-24",19.1392610035837,100.719249006361
"113","r7252","rattus-tanezumi","Nan","2015-02-24",19.1392610035837,100.719249006361
"114","r7250","bandicota-indica","Nan","2015-02-24",19.1392610035837,100.719249006361
"115","r7195","mus-caroli","Nan","2015-02-22",19.12128,100.78216
"116","r7225","mus-caroli","Nan","2015-02-23",19.11785,100.78762
"117","r7241","mus-pahari","Nan","2015-02-24",19.12651,100.73518
"118","r7390","berylmys_bowersi","Nan","2016-11-13",19.137617,100.718469
"119","r7394","maxomys_surifer","Nan","2016-11-13",19.1314670071006,100.721997013316
"120","r7397","maxomys_surifer","Nan","2016-11-14",19.131817035377,100.721677998081
"121","r7398","maxomys_surifer","Nan","2016-11-14",19.1320499684662,100.720882974565
"122","r7383","maxomys_surifer","Nan","2016-11-12",19.1436640173197,100.714195976034
"123","r7379","bandicota_indica","Nan","2016-11-12",19.1378720384091,100.719333998859
"124","r7385","rattus_tanzumi","Nan","2016-11-12",19.1378720384091,100.719333998859
"125","r7386","rattus_tanzumi","Nan","2016-11-12",19.1378720384091,100.719333998859
"126","r7387","rattus_exulans","Nan","2016-11-12",19.1378720384091,100.719333998859
"127","r7391","berylmys_berdmorei","Nan","2016-11-13",19.136867,100.719097
"128","r7380","bandicota_indica","Nan","2016-11-12",19.137579,100.718528
"129","r7399","rattus_exulans","Nan","2016-11-14",19.139683,100.719873
"130","r7381","maxomys_surifer","Nan","2016-11-12",19.143368,100.714196
"131","r7382","maxomys_surifer","Nan","2016-11-12",19.143368,100.714196
"132","r7384","berylmys_berdmorei","Nan","2016-11-12",19.147484,100.721236
"133","r7392","berylmys_berdmorei","Nan","2016-11-13",19.147484,100.721236
"134","r7393","berylmys_berdmorei","Nan","2016-11-13",19.147484,100.721236
"135","r7395","bandicota_indica","Nan","2016-11-14",19.147484,100.721236
"136","r7396","berylmys_berdmorei","Nan","2016-11-14",19.147484,100.721236
"137","r7388","leopoldamys_edwardsi","Nan","2016-11-13",19.14405,100.714152
"138","r7389","niviventer_fulvescens","Nan","2016-11-13",19.143646,100.714196
"139","r5250","rattus-exulans","Nan","2008-06-25",19.0824169,100.8069176
"140","r5248","rattus-exulans","Nan","2008-06-24",19.0824169,100.8069176
"141","r5314","rattus-exulans","Nan","2008-06-29",19.0824169,100.8069176
"142","r5258","rattus-exulans","Nan","2008-06-25",19.0824169,100.8069176
"143","r5252","rattus-exulans","Nan","2008-06-25",19.0824169,100.8069176
"144","r5249","rattus-exulans","Nan","2008-06-25",19.0824169,100.8069176
"145","r5253","rattus-exulans","Nan","2008-06-25",19.0824169,100.8069176
"146","r5257","rattus-exulans","Nan","2008-06-25",19.0824169,100.8069176
"147","r5254","rattus-exulans","Nan","2008-06-25",19.0824169,100.8069176
"148","r5255","rattus-exulans","Nan","2008-06-25",19.0824169,100.8069176
"149","r5267","mus-cookii","Nan","2008-06-27",19.1490848,100.8273291
"150","r5265","bandicota-indica","Nan","2008-06-26",19.1490848,100.8273291
"151","r5256","mus-cookii","Nan","2008-06-25",19.1490848,100.8273291
"152","r5259","bandicota-indica","Nan","2008-06-25",19.1490848,100.8273291
"153","r5281","berylmys-berdmorei","Nan","2008-06-26",19.1490848,100.8273291
"154","r5347","bandicota-indica","Nan","2008-06-30",19.1490848,100.8273291
"155","r5361","berylmys-berdmorei","Nan","2008-06-30",19.1321325,100.995487
"156","r5378","mus-cookii","Nan","2008-06-30",19.1321325,100.995487
"157","r5270","mus-caroli","Nan","2008-06-27",19.1489029,100.8274506
"158","r5424","rattus-exulans","Nan","2008-07-03",19.1489029,100.8274506
"159","r5372","mus-cookii","Nan","2008-07-01",19.1489029,100.8274506
"160","r5369","bandicota-indica","Nan","2008-07-01",19.1489029,100.8274506
"161","r5268","rattus-exulans","Nan","2008-06-27",19.1489029,100.8274506
"162","r5323","rattus-tanezumi","Nan","2008-06-29",19.1489029,100.8274506
"163","r5294","rattus-tanezumi","Nan","2008-06-28",19.1489029,100.8274506
"164","r5395","bandicota-indica","Nan","2008-07-02",19.1489029,100.8274506
"165","r5346","rattus-exulans","Nan","2008-06-30",19.1772267,100.9149068
"166","r5296","rattus-tanezumi","Nan","2008-06-28",19.1772267,100.9149068
"167","r5430","rattus-tanezumi","Nan","2008-07-04",19.1772267,100.9149068
"168","r5381","bandicota-indica","Nan","2008-07-01",19.0725257,100.8844084
"169","r5326","bandicota-indica","Nan","2008-06-29",19.0725257,100.8844084
"170","r5266","bandicota-indica","Nan","2008-06-26",19.0725257,100.8844084
"171","r5264","bandicota-indica","Nan","2008-06-25",19.0725257,100.8844084
"172","r5271","bandicota-indica","Nan","2008-06-26",19.0725257,100.8844084
"173","r5325","bandicota-indica","Nan","2008-06-29",19.0725257,100.8844084
"174","r6121","rattus-tanezumi","Nan","2010-03-09",19.0725257,100.8844084
"175","r6116","rattus-tanezumi","Nan","2010-03-09",19.0725257,100.8844084
"176","r6147","bandicota-indica","Nan","2010-03-11",19.0725257,100.8844084
"177","r5375","mus-cookii","Nan","2008-07-01",19.0725257,100.8844084
"178","r6115","rattus-tanezumi","Nan","2010-03-09",19.0725257,100.8844084
"179","r5263","bandicota-indica","Nan","2008-06-25",19.0725257,100.8844084
"180","r5318","bandicota-indica","Nan","2008-06-29",19.0725257,100.8844084
"181","r5368","bandicota-indica","Nan","2008-07-01",19.0725257,100.8844084
"182","r5276","bandicota-indica","Nan","2008-06-27",19.0725257,100.8844084
"183","r5297","bandicota-indica","Nan","2008-06-28",19.0725257,100.8844084
"184","r5298","bandicota-indica","Nan","2008-06-28",19.0725257,100.8844084
"185","r5423","bandicota-indica","Nan","2008-07-03",19.0725257,100.8844084
"186","r5374","mus-caroli","Nan","2008-07-01",19.0725257,100.8844084
"187","r5277","bandicota-indica","Nan","2008-06-27",19.0725257,100.8844084
"188","r5303","bandicota-indica","Nan","2008-06-28",19.0725257,100.8844084
"189","r5283","bandicota-indica","Nan","2008-06-27",19.0725257,100.8844084
"190","r6146","mus-caroli","Nan","2010-03-11",19.0725257,100.8844084
"191","r5315","bandicota-indica","Nan","2008-06-29",19.0725257,100.8844084
"192","r5282","bandicota-indica","Nan","2008-06-27",19.0725257,100.8844084
"193","r5302","bandicota-indica","Nan","2008-06-28",19.0725257,100.8844084
"194","r5301","bandicota-indica","Nan","2008-06-28",19.0725257,100.8844084
"195","r5336","bandicota-indica","Nan","2008-06-29",19.0725257,100.8844084
"196","r5316","bandicota-indica","Nan","2008-06-29",19.0725257,100.8844084
"197","r5321","bandicota-indica","Nan","2008-06-29",19.0725257,100.8844084
"198","r6120","rattus-tanezumi","Nan","2010-03-09",19.0725257,100.8844084
"199","r5440","bandicota-indica","Nan","2008-07-05",19.1561139,100.8254387
"200","r5299","bandicota-indica","Nan","2008-06-28",19.1561139,100.8254387
"201","r5304","bandicota-indica","Nan","2008-06-28",19.1561139,100.8254387
"202","r5300","bandicota-indica","Nan","2008-06-28",19.1561139,100.8254387
"203","r5393","rattus-tanezumi","Nan","2008-07-02",19.1948367,100.9403354
"204","r5285","bandicota-indica","Nan","2008-06-27",19.1948367,100.9403354
"205","r5306","rattus-tanezumi","Nan","2008-06-29",19.1948367,100.9403354
"206","r5353","bandicota-indica","Nan","2008-06-30",19.2062469,100.9453567
"207","r6069","mus-cookii","Nan","2010-03-04",19.2062469,100.9453567
"208","r5359","bandicota-indica","Nan","2008-06-30",19.2062469,100.9453567
"209","r5287","bandicota-indica","Nan","2008-06-28",19.2062469,100.9453567
"210","r5317","bandicota-indica","Nan","2008-06-29",19.2062469,100.9453567
"211","r5351","bandicota-indica","Nan","2008-06-30",19.2062469,100.9453567
"212","r5284","bandicota-indica","Nan","2008-06-27",19.2062469,100.9453567
"213","r5292","bandicota-indica","Nan","2008-06-28",19.2062469,100.9453567
"214","r6109","bandicota-indica","Nan","2010-03-09",19.2062469,100.9453567
"215","r5327","bandicota-indica","Nan","2008-06-29",19.2062469,100.9453567
"216","r5288","bandicota-indica","Nan","2008-06-28",19.2062469,100.9453567
"217","r5350","bandicota-indica","Nan","2008-06-30",19.2062469,100.9453567
"218","r5352","bandicota-indica","Nan","2008-06-30",19.2062469,100.9453567
"219","r6101","mus-caroli","Nan","2010-03-08",19.2062469,100.9453567
"220","r5319","bandicota-indica","Nan","2008-06-29",19.2062469,100.9453567
"221","r5354","bandicota-indica","Nan","2008-06-30",19.2062469,100.9453567
"222","r6134","mus-caroli","Nan","2010-03-11",19.2062469,100.9453567
"223","r5356","bandicota-indica","Nan","2008-06-30",19.2062469,100.9453567
"224","r6102","berylmys-berdmorei","Nan","2010-03-08",19.2062469,100.9453567
"225","r5358","bandicota-indica","Nan","2008-06-30",19.2062469,100.9453567
"226","r6113","rattus-exulans","Nan","2010-03-09",19.2062469,100.9453567
"227","r6068","mus-cookii","Nan","2010-03-04",19.2062469,100.9453567
"228","r6079","rattus-tanezumi","Nan","2010-03-06",19.2062469,100.9453567
"229","r6098","bandicota-indica","Nan","2010-03-08",19.2062469,100.9453567
"230","r6090","berylmys-berdmorei","Nan","2010-03-07",19.2062469,100.9453567
"231","r6100","mus-cookii","Nan","2010-03-08",19.2062469,100.9453567
"232","r6107","bandicota-indica","Nan","2010-03-09",19.2062469,100.9453567
"233","r5286","bandicota-indica","Nan","2008-06-27",19.2062469,100.9453567
"234","r6094","bandicota-indica","Nan","2010-03-08",19.2062469,100.9453567
"235","r6148","rattus-exulans","Nan","2010-03-12",19.2062469,100.9453567
"236","r5324","bandicota-indica","Nan","2008-06-29",19.2062469,100.9453567
"237","r6152","rattus-tanezumi","Nan","2010-03-12",19.2062469,100.9453567
"238","r5379","bandicota-indica","Nan","2008-07-01",19.2062469,100.9453567
"239","r5335","bandicota-indica","Nan","2008-06-29",19.2062469,100.9453567
"240","r5328","bandicota-indica","Nan","2008-06-29",19.2062469,100.9453567
"241","r5355","bandicota-indica","Nan","2008-06-30",19.2062469,100.9453567
"242","r5357","bandicota-indica","Nan","2008-06-30",19.2062469,100.9453567
"243","r5275","bandicota-indica","Nan","2008-06-27",19.2062469,100.9453567
"244","r6092","berylmys-berdmorei","Nan","2010-03-07",19.2062469,100.9453567
"245","r6153","bandicota-indica","Nan","2010-03-13",19.2062469,100.9453567
"246","r6108","bandicota-indica","Nan","2010-03-09",19.2062469,100.9453567
"247","r5274","bandicota-indica","Nan","2008-06-27",19.2062469,100.9453567
"248","r6093","bandicota-indica","Nan","2010-03-08",19.2062469,100.9453567
"249","r6091","berylmys-berdmorei","Nan","2010-03-07",19.2062469,100.9453567
"250","r5380","bandicota-indica","Nan","2008-07-01",19.2062469,100.9453567
"251","r5428","rattus-tanezumi","Nan","2008-07-04",19.0885695,100.940975
"252","r5415","bandicota-indica","Nan","2008-07-02",19.0885695,100.940975
"253","r5370","bandicota-indica","Nan","2008-06-30",19.0885695,100.940975
"254","r5320","bandicota-indica","Nan","2008-06-29",19.0885695,100.940975
"255","r5348","berylmys-berdmorei","Nan","2008-06-30",19.1945878,100.9219439
"256","r6141","rattus-exulans","Nan","2010-03-11",19.1945878,100.9219439
"257","r5322","rattus-tanezumi","Nan","2008-06-29",19.1945878,100.9219439
"258","r5367","berylmys-berdmorei","Nan","2008-07-01",19.1945878,100.9219439
"259","r6137","bandicota-indica","Nan","2010-03-11",19.1945878,100.9219439
"260","r5349","rattus-exulans","Nan","2008-06-30",19.1945878,100.9219439
"261","r6072","bandicota-indica","Nan","2010-03-05",19.1945878,100.9219439
"262","r6151","rattus-tanezumi","Nan","2010-03-12",19.1945878,100.9219439
"263","r5407","berylmys-berdmorei","Nan","2008-07-03",19.1945878,100.9219439
"264","r6154","bandicota-indica","Nan","2010-03-14",19.1945878,100.9219439
"265","r6132","rattus-tanezumi","Nan","2010-03-10",19.1945878,100.9219439
"266","r5409","berylmys-berdmorei","Nan","2008-07-03",19.1945878,100.9219439
"267","r5295","rattus-tanezumi","Nan","2008-06-28",19.1945878,100.9219439
"268","r6095","rattus-tanezumi","Nan","2010-03-08",19.1945878,100.9219439
"269","r6096","rattus-tanezumi","Nan","2010-03-08",19.1945878,100.9219439
"270","r5408","berylmys-berdmorei","Nan","2008-07-03",19.1945878,100.9219439
"271","r6156","bandicota-indica","Nan","2010-03-14",19.1945878,100.9219439
"272","r6063","bandicota-indica","Nan","2010-03-04",19.1945878,100.9219439
"273","r6065","bandicota-indica","Nan","2010-03-04",19.1945878,100.9219439
"274","r5437","mus-cookii","Nan","2008-07-05",19.1945878,100.9219439
"275","r5373","berylmys-berdmorei","Nan","2008-07-01",19.1945878,100.9219439
"276","r6157","rattus-tanezumi","Nan","2010-03-14",19.1945878,100.9219439
"277","r6078","rattus-tanezumi","Nan","2010-03-06",19.1945878,100.9219439
"278","r6064","bandicota-indica","Nan","2010-03-04",19.1945878,100.9219439
"279","r6158","bandicota-indica","Nan","2010-03-14",19.1945878,100.9219439
"280","r5420","rattus-tanezumi","Nan","2008-07-03",19.0638371,100.8877589
"281","r5332","bandicota-indica","Nan","2008-06-29",19.0638371,100.8877589
"282","r5262","rattus-exulans","Nan","2008-06-25",19.0638371,100.8877589
"283","r5260","mus-cookii","Nan","2008-06-26",19.0638371,100.8877589
"284","r5419","rattus-tanezumi","Nan","2008-07-03",19.0638371,100.8877589
"285","r5418","rattus-tanezumi","Nan","2008-07-03",19.0638371,100.8877589
"286","r5422","rattus-tanezumi","Nan","2008-07-03",19.0638371,100.8877589
"287","r5421","rattus-tanezumi","Nan","2008-07-03",19.0638371,100.8877589
"288","r5439","rattus-tanezumi","Nan","2008-07-05",19.1937534,100.9248437
"289","r5438","rattus-tanezumi","Nan","2008-07-05",19.1937534,100.9248437
"290","r5449","bandicota-indica","Nan","2008-07-06",19.0868017,100.808419
"291","r5416","bandicota-indica","Nan","2008-07-03",19.0868017,100.808419
"292","r5412","bandicota-indica","Nan","2008-07-03",19.0753892,100.928964
"293","r5417","bandicota-indica","Nan","2008-07-03",19.0753892,100.928964
"294","r5371","berylmys-berdmorei","Nan","2008-07-01",19.0753892,100.928964
"295","r5414","bandicota-indica","Nan","2008-07-03",19.0753892,100.928964
"296","r5411","bandicota-indica","Nan","2008-07-03",19.0753892,100.928964
"297","r5413","bandicota-indica","Nan","2008-07-03",19.0753892,100.928964
"298","r5410","berylmys-bowersi","Nan","2008-07-03",19.0753892,100.928964
"299","r5364","bandicota-indica","Nan","2008-07-01",19.2051377,100.9443262
"300","r5366","bandicota-indica","Nan","2008-07-01",19.2051377,100.9443262
"301","r5365","bandicota-indica","Nan","2008-07-01",19.2051377,100.9443262
"302","r5362","bandicota-indica","Nan","2008-07-01",19.2051377,100.9443262
"303","r5363","bandicota-indica","Nan","2008-07-01",19.2051377,100.9443262
"304","r5377","bandicota-indica","Nan","2008-07-01",19.2051377,100.9443262
"305","r5382","bandicota-indica","Nan","2008-07-01",19.2051377,100.9443262
"306","r5376","bandicota-indica","Nan","2008-07-01",19.2051377,100.9443262
"307","r6129","rattus-exulans","Nan","2010-03-10",19.1365562,100.9425998
"308","r6128","rattus-exulans","Nan","2010-03-10",19.1365562,100.9425998
"309","r5446","rattus-exulans","Nan","2008-07-06",19.1365562,100.9425998
"310","r5406","rattus-exulans","Nan","2008-07-03",19.1365562,100.9425998
"311","r5405","rattus-exulans","Nan","2008-07-03",19.1365562,100.9425998
"312","r5444","rattus-exulans","Nan","2008-07-06",19.1365562,100.9425998
"313","r5441","rattus-exulans","Nan","2008-07-06",19.1365562,100.9425998
"314","r5442","rattus-exulans","Nan","2008-07-06",19.1365562,100.9425998
"315","r6122","rattus-exulans","Nan","2010-03-10",19.1365562,100.9425998
"316","r5434","rattus-exulans","Nan","2008-07-05",19.1365562,100.9425998
"317","r5445","rattus-exulans","Nan","2008-07-06",19.1365562,100.9425998
"318","r6127","rattus-exulans","Nan","2010-03-10",19.1365562,100.9425998
"319","r6123","rattus-exulans","Nan","2010-03-10",19.1365562,100.9425998
"320","r5399","rattus-exulans","Nan","2008-07-02",19.1365562,100.9425998
"321","r5427","rattus-exulans","Nan","2008-07-04",19.1365562,100.9425998
"322","r6136","bandicota-indica","Nan","2010-03-11",19.1365562,100.9425998
"323","r6140","rattus-exulans","Nan","2010-03-11",19.1365562,100.9425998
"324","r6112","rattus-exulans","Nan","2010-03-09",19.1365562,100.9425998
"325","r6126","rattus-exulans","Nan","2010-03-10",19.1365562,100.9425998
"326","r6139","rattus-exulans","Nan","2010-03-11",19.1365562,100.9425998
"327","r5435","rattus-exulans","Nan","2008-07-05",19.1365562,100.9425998
"328","r5397","rattus-exulans","Nan","2008-07-02",19.1365562,100.9425998
"329","r5448","rattus-exulans","Nan","2008-07-06",19.1365562,100.9425998
"330","r6145","rattus-exulans","Nan","2010-03-11",19.1365562,100.9425998
"331","r6149","rattus-exulans","Nan","2010-03-12",19.1365562,100.9425998
"332","r6150","rattus-exulans","Nan","2010-03-12",19.1365562,100.9425998
"333","r5425","rattus-exulans","Nan","2008-07-04",19.1365562,100.9425998
"334","r5400","rattus-exulans","Nan","2008-07-02",19.1365562,100.9425998
"335","r5403","rattus-exulans","Nan","2008-07-03",19.1365562,100.9425998
"336","r5404","rattus-exulans","Nan","2008-07-03",19.1365562,100.9425998
"337","r6124","rattus-exulans","Nan","2010-03-10",19.1365562,100.9425998
"338","r6099","rattus-tanezumi","Nan","2010-03-08",19.1365562,100.9425998
"339","r6117","rattus-exulans","Nan","2010-03-09",19.1365562,100.9425998
"340","r5426","rattus-exulans","Nan","2008-07-04",19.1365562,100.9425998
"341","r6106","bandicota-indica","Nan","2010-03-09",19.1365562,100.9425998
"342","r5436","rattus-exulans","Nan","2008-07-05",19.1365562,100.9425998
"343","r5398","rattus-exulans","Nan","2008-07-02",19.1365562,100.9425998
"344","r6125","rattus-exulans","Nan","2010-03-10",19.1365562,100.9425998
"345","r6135","rattus-exulans","Nan","2010-03-11",19.1365562,100.9425998
"346","r5401","rattus-exulans","Nan","2008-07-03",19.1365562,100.9425998
"347","r5402","rattus-exulans","Nan","2008-07-03",19.1365562,100.9425998
"348","r6133","rattus-exulans","Nan","2010-03-10",19.1365562,100.9425998
"349","r5443","rattus-exulans","Nan","2008-07-06",19.1365562,100.9425998
"350","r6111","rattus-exulans","Nan","2010-03-09",19.1365562,100.9425998
"351","r6138","rattus-exulans","Nan","2010-03-11",19.1365562,100.9425998
"352","r5433","rattus-tanezumi","Nan","2008-07-05",19.1984453,100.9270852
"353","r5272","berylmys-berdmorei","Nan","2008-06-26",18.8841206,100.743202
"354","r5279","rattus-tanezumi","Nan","2008-06-26",18.8841206,100.743202
"355","r5331","mus-cookii","Nan","2008-06-29",18.8841206,100.743202
"356","r5305","berylmys-bowersi","Nan","2008-06-28",18.8841206,100.743202
"357","r5334","bandicota-indica","Nan","2008-06-29",18.8841206,100.743202
"358","r5329","mus-cookii","Nan","2008-06-29",18.8526517,100.7346968
"359","r5330","rattus-tanezumi","Nan","2008-06-29",18.8526517,100.7346968
"360","r5333","rattus-tanezumi","Nan","2008-06-29",18.4522986,100.6864213
"361","r6082","rattus-tanezumi","Nan","2010-03-06",19.12731494,100.8674693
"362","r6083","bandicota-indica","Nan","2010-03-06",19.12731494,100.8674693
"363","r6080","bandicota-indica","Nan","2010-03-06",19.07953859,100.9018362
"364","r6073","rattus-tanezumi","Nan","2010-03-05",19.18285286,100.9314878
"365","r6081","rattus-tanezumi","Nan","2010-03-06",19.18285286,100.9314878
"366","r6074","rattus-tanezumi","Nan","2010-03-05",19.1816378,100.9315316
"367","r6103","rattus-exulans","Nan","2010-03-08",19.176226,100.9344
"368","r6119","rattus-exulans","Nan","2010-03-09",19.176226,100.9344
"369","r6070","rattus-exulans","Nan","2010-03-05",19.176226,100.9344
"370","r6104","rattus-exulans","Nan","2010-03-08",19.176226,100.9344
"371","r6114","rattus-exulans","Nan","2010-03-09",19.176226,100.9344
"372","r6142","rattus-exulans","Nan","2010-03-11",19.176226,100.9344
"373","r6143","rattus-exulans","Nan","2010-03-11",19.176226,100.9344
"374","r6086","rattus-exulans","Nan","2010-03-07",19.176226,100.9344
"375","r6105","rattus-exulans","Nan","2010-03-08",19.176226,100.9344
"376","r6071","rattus-exulans","Nan","2010-03-05",19.176226,100.9344
"377","r6144","rattus-exulans","Nan","2010-03-11",19.176226,100.9344
"378","r6118","rattus-exulans","Nan","2010-03-09",19.176226,100.9344
"379","r6077","mus-sp","Nan","2010-03-05",19.1742359,100.8801964
"380","r6075","rattus-tanezumi","Nan","2010-03-05",19.144610928,100.877891833
"381","r6089","mus-cookii","Nan","2010-03-07",19.144610928,100.877891833
"382","r6088","mus-cookii","Nan","2010-03-07",19.144610928,100.877891833
"383","r5293","mus-caroli","Nan","2008-06-28",19.124596196,100.863082947
"384","r5290","mus-cookii","Nan","2008-06-28",19.124596196,100.863082947
"385","r6067","rattus-tanezumi","Nan","2010-03-04",19.124596196,100.863082947
"386","r5247","mus-cookii","Nan","2008-06-25",19.125446431,100.862016113
"387","r5251","mus-cookii","Nan","2008-06-25",19.125446431,100.862016113
"388","r5278","mus-cookii","Nan","2008-06-27",19.125446431,100.862016113
"389","r5269","rattus-tanezumi","Nan","2008-06-26",19.125446431,100.862016113
"390","r5289","mus-caroli","Nan","2008-06-28",19.125446431,100.862016113
"391","r6066","mus-cookii","Nan","2010-03-04",19.12490924,100.861282
"392","r6087","mus-cookii","Nan","2010-03-07",19.12490924,100.861282
"393","r5291","bandicota-indica","Nan","2008-06-28",19.117602604,100.824580365
"394","r5280","bandicota-indica","Nan","2008-06-25",19.120066459,100.823604962
"395","r5273","bandicota-indica","Nan","2008-06-26",19.120066459,100.823604962
"396","r6076","mus-caroli","Nan","2010-03-05",19.120066459,100.823604962
"397","r5261","bandicota-indica","Nan","2008-06-26",19.115237043,100.865537321
"398","r5390","mus-caroli","Nan","2008-07-02",19.17875826,100.961551917
"399","r5310","berylmys-berdmorei","Nan","2008-06-29",19.17875826,100.961551917
"400","r5313","bandicota-indica","Nan","2008-06-29",19.17875826,100.961551917
"401","r5307","bandicota-indica","Nan","2008-06-29",19.17875826,100.961551917
"402","r5391","mus-cookii","Nan","2008-07-02",19.17875826,100.961551917
"403","r5309","mus-cookii","Nan","2008-06-29",19.170423554,100.95429837
"404","r5343","mus-cookii","Nan","2008-06-30",19.170423554,100.95429837
"405","r5386","mus-cookii","Nan","2008-07-01",19.170423554,100.95429837
"406","r5345","mus-cookii","Nan","2008-06-30",19.170423554,100.95429837
"407","r5385","mus-cookii","Nan","2008-07-01",19.170423554,100.95429837
"408","r5312","mus-cookii","Nan","2008-06-29",19.170423554,100.95429837
"409","r5383","bandicota-indica","Nan","2008-07-01",19.170423554,100.95429837
"410","r5311","mus-cookii","Nan","2008-06-29",19.170423554,100.95429837
"411","r5337","mus-cookii","Nan","2008-06-30",19.170423554,100.95429837
"412","r5342","mus-cookii","Nan","2008-06-30",19.170423554,100.95429837
"413","r6130","mus-cookii","Nan","2010-03-10",19.170423554,100.95429837
"414","r6110","mus-cookii","Nan","2010-03-09",19.170423554,100.95429837
"415","r5394","mus-cookii","Nan","2008-07-02",19.17018535,100.951291517
"416","r5360","mus-cookii","Nan","2008-07-01",19.169382845,100.950737189
"417","r5341","mus-cookii","Nan","2008-06-30",19.148613199,100.959878959
"418","r5389","mus-caroli","Nan","2008-07-01",19.148613199,100.959878959
"419","r5344","mus-caroli","Nan","2008-06-30",19.148613199,100.959878959
"420","r5340","mus-cookii","Nan","2008-06-30",19.148613199,100.959878959
"421","r5339","mus-cookii","Nan","2008-06-30",19.148613199,100.959878959
"422","r5387","mus-cookii","Nan","2008-07-01",19.148613199,100.959878959
"423","r5338","mus-cookii","Nan","2008-06-30",19.148613199,100.959878959
"424","r5308","mus-cookii","Nan","2008-06-29",19.148613199,100.959878959
"425","r5392","mus-cookii","Nan","2008-07-02",19.148613199,100.959878959
"426","r5384","mus-cookii","Nan","2008-07-01",19.148613199,100.959878959
"427","r5432","mus-cookii","Nan","2008-07-05",19.114825671,100.951710628
"428","r5429","mus-cookii","Nan","2008-07-05",19.115188567,100.950493807
"429","r6084","mus-cookii","Nan","2010-03-06",19.115188567,100.950493807
"430","r5396","mus-cookii","Nan","2008-07-03",19.0791047,100.941453
"431","r5431","mus-cookii","Nan","2008-07-05",19.084862,100.940761885
"432","r6097","rattus-tanezumi","Nan","2010-03-08",19.084454579,100.9423112
"433","r6085","mus-cookii","Nan","2010-03-06",19.12369543,100.8476013
"434","r6131","mus-cookii","Nan","2010-03-10",19.16867787,100.9505448
"435","r6155","mus-caroli","Nan","2010-03-14",19.149979142,100.936288726
"436","r6772","rattus-exulans","Nan","2012-11-03",19.1392610036,100.7192490064
"437","r6866","maxomys-surifer","Nan","2012-11-10",19.1392610036,100.7192490064
"438","r6840","niviventer-fulvescens","Nan","2012-11-08",19.1392610036,100.7192490064
"439","r6775","berylmys-berdmorei","Nan","2012-11-04",19.1392610036,100.7192490064
"440","r6856","maxomys-surifer","Nan","2012-11-09",19.1392610036,100.7192490064
"441","r6857","bandicota-indica","Nan","2012-11-09",19.1392610036,100.7192490064
"442","r6831","berylmys-berdmorei","Nan","2012-11-08",19.1392610036,100.7192490064
"443","r6863","rattus-tanezumi","Nan","2012-11-09",19.1392610036,100.7192490064
"444","r6833","berylmys-berdmorei","Nan","2012-11-08",19.1392610036,100.7192490064
"445","r6861","berylmys-berdmorei","Nan","2012-11-09",19.1392610036,100.7192490064
"446","r6862","maxomys-surifer","Nan","2012-11-09",19.1392610036,100.7192490064
"447","r6844","mus-cervicolor","Nan","2012-11-09",19.1392610036,100.7192490064
"448","r6864","leopoldamys-sp","Nan","2012-11-09",19.1392610036,100.7192490064
"449","r6825","maxomys-surifer","Nan","2012-11-08",19.1392610036,100.7192490064
"450","r6879","leopoldamys-sabanus","Nan","2012-11-10",19.1392610036,100.7192490064
"451","r6875","berylmys-berdmorei","Nan","2012-11-10",19.1392610036,100.7192490064
"452","r6836","berylmys-bowersi","Nan","2012-11-08",19.1392610036,100.7192490064
"453","r6829","rattus-tanezumi","Nan","2012-11-08",19.1392610036,100.7192490064
"454","r6870","mus-cervicolor","Nan","2012-11-10",19.1392610036,100.7192490064
"455","r6812","berylmys-berdmorei","Nan","2012-11-07",19.1392610036,100.7192490064
"456","r6883","maxomys-surifer","Nan","2012-11-10",19.1392610036,100.7192490064
"457","r6837","berylmys-bowersi","Nan","2012-11-08",19.1392610036,100.7192490064
"458","r6873","bandicota-indica","Nan","2012-11-10",19.1392610036,100.7192490064
"459","r6843","maxomys-surifer","Nan","2012-11-09",19.1392610036,100.7192490064
"460","r6848","berylmys-bowersi","Nan","2012-11-09",19.1392610036,100.7192490064
"461","r6877","maxomys-surifer","Nan","2012-11-10",19.1392610036,100.7192490064
"462","r6855","berylmys-bowersi","Nan","2012-11-09",19.1392610036,100.7192490064
"463","r6865","berylmys-bowersi","Nan","2012-11-10",19.1392610036,100.7192490064
"464","r6882","maxomys-surifer","Nan","2012-11-10",19.1392610036,100.7192490064
"465","r6876","maxomys-surifer","Nan","2012-11-10",19.1392610036,100.7192490064
"466","r6869","maxomys-surifer","Nan","2012-11-10",19.1392610036,100.7192490064
"467","r6850","bandicota-indica","Nan","2012-11-09",19.1392610036,100.7192490064
"468","r6885","bandicota-indica","Nan","2013-03-21",19.1392610036,100.7192490064
"469","r6926","mus-cervicolor","Nan","2013-03-23",19.1392610036,100.7192490064
"470","r6927","mus-cervicolor","Nan","2013-03-23",19.1392610036,100.7192490064
"471","r6888","bandicota-indica","Nan","2013-03-22",19.1392610036,100.7192490064
"472","r6889","bandicota-indica","Nan","2013-03-22",19.1392610036,100.7192490064
"473","r6890","leopoldamys-edwardsi","Nan","2013-03-22",19.1392610036,100.7192490064
"474","r6891","bandicota-indica","Nan","2013-03-22",19.1392610036,100.7192490064
"475","r6892","bandicota-indica","Nan","2013-03-22",19.1392610036,100.7192490064
"476","r6893","rattus-tanezumi","Nan","2013-03-22",19.1392610036,100.7192490064
"477","r6894","bandicota-indica","Nan","2013-03-22",19.1392610036,100.7192490064
"478","r6895","niviventer-fulvescens","Nan","2013-03-22",19.1392610036,100.7192490064
"479","r6896","niviventer-fulvescens","Nan","2013-03-22",19.1392610036,100.7192490064
"480","r6897","niviventer-fulvescens","Nan","2013-03-22",19.1392610036,100.7192490064
"481","r6898","rattus-exulans","Nan","2013-03-22",19.1392610036,100.7192490064
"482","r6899","rattus-tanezumi","Nan","2013-03-22",19.1392610036,100.7192490064
"483","r6900","rattus-tanezumi","Nan","2013-03-22",19.1392610036,100.7192490064
"484","r6901","bandicota-indica","Nan","2013-03-22",19.1392610036,100.7192490064
"485","r6942","mus-sp","Nan","2013-03-23",19.1392610036,100.7192490064
"486","r6903","mus-cervicolor","Nan","2013-03-22",19.1392610036,100.7192490064
"487","r6904","niviventer-fulvescens","Nan","2013-03-22",19.1392610036,100.7192490064
"488","r6905","rattus-tanezumi","Nan","2013-03-22",19.1392610036,100.7192490064
"489","r6906","mus-cervicolor","Nan","2013-03-22",19.1392610036,100.7192490064
"490","r6907","mus-cervicolor","Nan","2013-03-22",19.1392610036,100.7192490064
"491","r6908","mus-cervicolor","Nan","2013-03-22",19.1392610036,100.7192490064
"492","r6909","mus-cervicolor","Nan","2013-03-22",19.1392610036,100.7192490064
"493","r6910","mus-cervicolor","Nan","2013-03-22",19.1392610036,100.7192490064
"494","r6911","maxomys-surifer","Nan","2013-03-23",19.1392610036,100.7192490064
"495","r6912","maxomys-surifer","Nan","2013-03-23",19.1392610036,100.7192490064
"496","r6913","maxomys-surifer","Nan","2013-03-23",19.1392610036,100.7192490064
"497","r6914","bandicota-indica","Nan","2013-03-23",19.1392610036,100.7192490064
"498","r6915","berylmys-bowersi","Nan","2013-03-23",19.1392610036,100.7192490064
"499","r6916","berylmys-bowersi","Nan","2013-03-23",19.1392610036,100.7192490064
"500","r6917","maxomys-surifer","Nan","2013-03-23",19.1392610036,100.7192490064
"501","r6918","maxomys-surifer","Nan","2013-03-23",19.1392610036,100.7192490064
"502","r6919","niviventer-fulvescens","Nan","2013-03-23",19.1392610036,100.7192490064
"503","r6920","maxomys-surifer","Nan","2013-03-23",19.1392610036,100.7192490064
"504","r6921","niviventer-fulvescens","Nan","2013-03-23",19.1392610036,100.7192490064
"505","r6922","maxomys-surifer","Nan","2013-03-23",19.1392610036,100.7192490064
"506","r6923","niviventer-fulvescens","Nan","2013-03-23",19.1392610036,100.7192490064
"507","r6924","niviventer-fulvescens","Nan","2013-03-23",19.1392610036,100.7192490064
"508","r6925","niviventer-fulvescens","Nan","2013-03-23",19.1392610036,100.7192490064
"509","r6966","mus-cervicolor","Nan","2013-03-24",19.1392610036,100.7192490064
"510","r6967","mus-cervicolor","Nan","2013-03-24",19.1392610036,100.7192490064
"511","r6968","mus-sp","Nan","2013-03-24",19.1392610036,100.7192490064
"512","r6969","mus-cervicolor","Nan","2013-03-24",19.1392610036,100.7192490064
"513","r6930","mus-cervicolor","Nan","2013-03-23",19.1392610036,100.7192490064
"514","r6931","mus-cervicolor","Nan","2013-03-23",19.1392610036,100.7192490064
"515","r6932","mus-cervicolor","Nan","2013-03-23",19.1392610036,100.7192490064
"516","r6933","mus-cervicolor","Nan","2013-03-23",19.1392610036,100.7192490064
"517","r6934","mus-cervicolor","Nan","2013-03-23",19.1392610036,100.7192490064
"518","r6935","mus-cervicolor","Nan","2013-03-23",19.1392610036,100.7192490064
"519","r6936","rattus-exulans","Nan","2013-03-23",19.1392610036,100.7192490064
"520","r6937","mus-cervicolor","Nan","2013-03-23",19.1392610036,100.7192490064
"521","r6938","mus-cervicolor","Nan","2013-03-23",19.1392610036,100.7192490064
"522","r6939","mus-cervicolor","Nan","2013-03-23",19.1392610036,100.7192490064
"523","r6940","mus-cervicolor","Nan","2013-03-23",19.1392610036,100.7192490064
"524","r6941","mus-cervicolor","Nan","2013-03-23",19.1392610036,100.7192490064
"525","r6982","bandicota-indica","Nan","2013-03-25",19.1392610036,100.7192490064
"526","r6943","mus-cervicolor","Nan","2013-03-23",19.1392610036,100.7192490064
"527","r6944","mus-cervicolor","Nan","2013-03-23",19.1392610036,100.7192490064
"528","r6945","mus-cervicolor","Nan","2013-03-23",19.1392610036,100.7192490064
"529","r6946","mus-cervicolor","Nan","2013-03-23",19.1392610036,100.7192490064
"530","r6947","mus-cervicolor","Nan","2013-03-23",19.1392610036,100.7192490064
"531","r6948","leopoldamys-edwardsi","Nan","2013-03-24",19.1392610036,100.7192490064
"532","r6949","berylmys-bowersi","Nan","2013-03-24",19.1392610036,100.7192490064
"533","r6950","maxomys-surifer","Nan","2013-03-24",19.1392610036,100.7192490064
"534","r6951","maxomys-surifer","Nan","2013-03-24",19.1392610036,100.7192490064
"535","r6952","niviventer-fulvescens","Nan","2013-03-24",19.1392610036,100.7192490064
"536","r6953","niviventer-fulvescens","Nan","2013-03-24",19.1392610036,100.7192490064
"537","r6954","niviventer-fulvescens","Nan","2013-03-24",19.1392610036,100.7192490064
"538","r6955","maxomys-surifer","Nan","2013-03-24",19.1392610036,100.7192490064
"539","r6956","niviventer-fulvescens","Nan","2013-03-24",19.1392610036,100.7192490064
"540","r6957","niviventer-fulvescens","Nan","2013-03-24",19.1392610036,100.7192490064
"541","r6958","mus-cervicolor","Nan","2013-03-24",19.1392610036,100.7192490064
"542","r6959","niviventer-fulvescens","Nan","2013-03-24",19.1392610036,100.7192490064
"543","r6960","rattus-andamanensis","Nan","2013-03-24",19.1392610036,100.7192490064
"544","r6961","rattus-andamanensis","Nan","2013-03-24",19.1392610036,100.7192490064
"545","r6962","niviventer-fulvescens","Nan","2013-03-24",19.1392610036,100.7192490064
"546","r6963","niviventer-fulvescens","Nan","2013-03-24",19.1392610036,100.7192490064
"547","r6977","niviventer-fulvescens","Nan","2013-03-25",19.1392610036,100.7192490064
"548","r6965","mus-cervicolor","Nan","2013-03-24",19.1392610036,100.7192490064
"549","r6979","berylmys-bowersi","Nan","2013-03-25",19.1392610036,100.7192490064
"550","r6980","berylmys-bowersi","Nan","2013-03-25",19.1392610036,100.7192490064
"551","r6981","berylmys-bowersi","Nan","2013-03-25",19.1392610036,100.7192490064
"552","r6995","rattus-andamanensis","Nan","2013-03-25",19.1392610036,100.7192490064
"553","r6970","mus-cervicolor","Nan","2013-03-24",19.1392610036,100.7192490064
"554","r6971","mus-cervicolor","Nan","2013-03-24",19.1392610036,100.7192490064
"555","r6972","rattus-tanezumi","Nan","2013-03-25",19.1392610036,100.7192490064
"556","r6973","rattus-andamanensis","Nan","2013-03-25",19.1392610036,100.7192490064
"557","r6974","niviventer-fulvescens","Nan","2013-03-25",19.1392610036,100.7192490064
"558","r6975","rattus-andamanensis","Nan","2013-03-25",19.1392610036,100.7192490064
"559","r6976","rattus-andamanensis","Nan","2013-03-25",19.1392610036,100.7192490064
"560","r6994","maxomys-surifer","Nan","2013-03-25",19.1392610036,100.7192490064
"561","r6978","rattus-andamanensis","Nan","2013-03-25",19.1392610036,100.7192490064
"562","r6992","maxomys-surifer","Nan","2013-03-25",19.1392610036,100.7192490064
"563","r6993","rattus-andamanensis","Nan","2013-03-25",19.1392610036,100.7192490064
"564","r6985","shrew-sp","Nan","2013-03-25",19.1392610036,100.7192490064
"565","r6986","rattus-tanezumi","Nan","2013-03-25",19.1392610036,100.7192490064
"566","r6983","shrew-sp","Nan","2013-03-25",19.1392610036,100.7192490064
"567","r6984","shrew-sp","Nan","2013-03-25",19.1392610036,100.7192490064
"568","r6989","rattus-exulans","Nan","2013-03-26",19.1392610036,100.7192490064
"569","r6998","niviventer-fulvescens","Nan","2013-03-25",19.1392610036,100.7192490064
"570","r6987","niviventer-fulvescens","Nan","2013-03-25",19.1392610036,100.7192490064
"571","r6988","maxomys-surifer","Nan","2013-03-25",19.1392610036,100.7192490064
"572","r6997","mus-cervicolor","Nan","2013-03-25",19.1392610036,100.7192490064
"573","r7002","mus-cervicolor","Nan","2013-03-25",19.1392610036,100.7192490064
"574","r6991","maxomys-surifer","Nan","2013-03-25",19.1392610036,100.7192490064
"575","r6996","rattus-andamanensis","Nan","2013-03-25",19.1392610036,100.7192490064
"576","r7001","mus-cervicolor","Nan","2013-03-25",19.1392610036,100.7192490064
"577","r6999","mus-cervicolor","Nan","2013-03-25",19.1392610036,100.7192490064
"578","r7000","mus-cervicolor","Nan","2013-03-25",19.1392610036,100.7192490064
"579","r6849","berylmys-berdmorei","Nan","2012-11-09",19.1206230037,100.7834119722
"580","r6858","berylmys-berdmorei","Nan","2012-11-09",19.1206230037,100.7834119722
"581","r6773","bandicota-indica","Nan","2012-11-04",19.1206230037,100.7834119722
"582","r6845","mus-cervicolor","Nan","2012-11-09",19.1206230037,100.7834119722
"583","r6814","berylmys-berdmorei","Nan","2012-11-07",19.1206230037,100.7834119722
"584","r6774","bandicota-indica","Nan","2012-11-04",19.1206230037,100.7834119722
"585","r6813","bandicota-indica","Nan","2012-11-07",19.1206230037,100.7834119722
"586","r6847","berylmys-berdmorei","Nan","2012-11-09",19.1206230037,100.7834119722
"587","r7006","bandicota-indica","Nan","2013-03-27",19.0780949872,100.8990760334
"588","r7018","mus-cervicolor","Nan","2013-03-28",19.0780949872,100.8990760334
"589","r7012","rattus-exulans","Nan","2013-03-28",19.0780949872,100.8990760334
"590","r7005","rattus-exulans","Nan","2013-03-26",19.0780949872,100.8990760334
"591","r7009","rattus-exulans","Nan","2013-03-27",19.0780949872,100.8990760334
"592","r7007","bandicota-indica","Nan","2013-03-27",19.0780949872,100.8990760334
"593","r7008","rattus-exulans","Nan","2013-03-27",19.0780949872,100.8990760334
"594","r6780","bandicota-indica","Nan","2012-11-04",19.1399179772,100.7166959625
"595","r6790","bandicota-indica","Nan","2012-11-06",19.1399179772,100.7166959625
"596","r6786","mus-cervicolor","Nan","2012-11-05",19.1399179772,100.7166959625
"597","r6807","bandicota-indica","Nan","2012-11-07",19.1399179772,100.7166959625
"598","r6791","bandicota-indica","Nan","2012-11-06",19.1399179772,100.7166959625
"599","r6781","bandicota-indica","Nan","2012-11-04",19.1399179772,100.7166959625
"600","r6776","mus-cookii","Nan","2012-11-04",19.1399179772,100.7166959625
"601","r6777","mus-cookii","Nan","2012-11-04",19.1392610036,100.7192490064
"602","r6782","rattus-tanezumi","Nan","2012-11-05",19.1394620016,100.7197159622
"603","r6822","rattus-exulans","Nan","2012-11-07",19.1394620016,100.7197159622
"604","r6778","rattus-exulans","Nan","2012-11-04",19.1394620016,100.7197159622
"605","r6779","mus-pahari","Nan","2012-11-04",19.1392279789,100.719471965
"606","r6792","berylmys-bowersi","Nan","2012-11-06",19.1423049755,100.7205340359
"607","r6874","berylmys-bowersi","Nan","2012-11-10",19.1423049755,100.7205340359
"608","r6785","niviventer-fulvescens","Nan","2012-11-05",19.1423049755,100.7205340359
"609","r6783","berylmys-berdmorei","Nan","2012-11-05",19.1423049755,100.7205340359
"610","r6784","berylmys-berdmorei","Nan","2012-11-05",19.1416510195,100.7194579672
"611","r6872","mus-cervicolor","Nan","2012-11-10",19.1416510195,100.7194579672
"612","r6787","mus-cervicolor","Nan","2012-11-05",19.1416510195,100.7194579672
"613","r6867","maxomys-surifer","Nan","2012-11-10",19.1416510195,100.7194579672
"614","r6798","rattus-exulans","Nan","2012-11-06",19.1396260355,100.7203249913
"615","r6788","suncus-murinus","Nan","2012-11-06",19.1396260355,100.7203249913
"616","r6818","mus-pahari","Nan","2012-11-07",19.1396260355,100.7203249913
"617","r6789","rattus-tanezumi","Nan","2012-11-06",19.1374039929,100.7164150011
"618","r6797","rattus-tanezumi","Nan","2012-11-06",19.1374039929,100.7164150011
"619","r6793","rattus-tanezumi","Nan","2012-11-06",19.1374039929,100.7164150011
"620","r6794","rattus-exulans","Nan","2012-11-06",19.1392610036,100.7192490064
"621","r6795","rattus-exulans","Nan","2012-11-06",19.1392610036,100.7192490064
"622","r6796","rattus-exulans","Nan","2012-11-06",19.13919596,100.7198639866
"623","r6868","rattus-exulans","Nan","2012-11-10",19.13919596,100.7198639866
"624","r6799","rattus-exulans","Nan","2012-11-06",19.1386020184,100.7194800116
"625","r6800","rattus-exulans","Nan","2012-11-06",19.1392510291,100.7189159933
"626","r6854","bandicota-indica","Nan","2012-11-09",19.119954966,100.7802809961
"627","r6801","mus-cervicolor","Nan","2012-11-07",19.119954966,100.7802809961
"628","r6802","maxomys-surifer","Nan","2012-11-07",19.1304519586,100.7130899839
"629","r6806","maxomys-surifer","Nan","2012-11-07",19.1304519586,100.7130899839
"630","r6830","berylmys-bowersi","Nan","2012-11-08",19.1409040242,100.7195869647
"631","r6859","berylmys-berdmorei","Nan","2012-11-09",19.1409040242,100.7195869647
"632","r6816","bandicota-indica","Nan","2012-11-07",19.1409040242,100.7195869647
"633","r6804","bandicota-indica","Nan","2012-11-07",19.1409040242,100.7195869647
"634","r6805","rattus-exulans","Nan","2012-11-07",19.1399000399,100.7189109642
"635","r6838","mus-pahari","Nan","2012-11-08",19.1190600302,100.7890440244
"636","r6815","niviventer-fulvescens","Nan","2012-11-07",19.1190600302,100.7890440244
"637","r6820","maxomys-surifer","Nan","2012-11-07",19.1190600302,100.7890440244
"638","r6832","rattus-andamanensis","Nan","2012-11-08",19.1190600302,100.7890440244
"639","r6810","niviventer-fulvescens","Nan","2012-11-07",19.1190600302,100.7890440244
"640","r6808","maxomys-surifer","Nan","2012-11-07",19.1190600302,100.7890440244
"641","r6826","rattus-tanezumi","Nan","2012-11-08",19.1190600302,100.7890440244
"642","r6851","niviventer-fulvescens","Nan","2012-11-09",19.1190600302,100.7890440244
"643","r6827","niviventer-fulvescens","Nan","2012-11-08",19.1190600302,100.7890440244
"644","r6828","maxomys-surifer","Nan","2012-11-08",19.1190600302,100.7890440244
"645","r6834","berylmys-bowersi","Nan","2012-11-08",19.1190600302,100.7890440244
"646","r6841","maxomys-surifer","Nan","2012-11-08",19.1190600302,100.7890440244
"647","r6871","mus-pahari","Nan","2012-11-10",19.1190600302,100.7890440244
"648","r6860","berylmys-bowersi","Nan","2012-11-09",19.1190600302,100.7890440244
"649","r6839","mus-pahari","Nan","2012-11-08",19.1190600302,100.7890440244
"650","r6817","rattus-andamanensis","Nan","2012-11-07",19.1190600302,100.7890440244
"651","r6881","maxomys-surifer","Nan","2012-11-10",19.1190600302,100.7890440244
"652","r6809","rattus-exulans","Nan","2012-11-07",19.1400230024,100.7202420104
"653","r6811","rattus-exulans","Nan","2012-11-07",19.1392610036,100.7192490064
"654","r6884","rattus-exulans","Nan","2012-11-10",19.1387359612,100.7196069974
"655","r6819","rattus-exulans","Nan","2012-11-07",19.1387359612,100.7196069974
"656","r6821","rattus-exulans","Nan","2012-11-07",19.1393660288,100.7202969957
"657","r6823","rattus-exulans","Nan","2012-11-08",19.1394630075,100.7180519868
"658","r6824","rattus-exulans","Nan","2012-11-08",19.1394630075,100.7180519868
"659","r6835","maxomys-surifer","Nan","2012-11-08",19.1399019677,100.720804017
"660","r6846","maxomys-surifer","Nan","2012-11-09",19.1399019677,100.720804017
"661","r6852","maxomys-surifer","Nan","2012-11-09",19.1411800403,100.7213889901
"662","r6853","rattus-exulans","Nan","2012-11-09",19.1392610036,100.7192490064
"663","r6878","rattus-exulans","Nan","2012-11-10",19.1389030125,100.7191770058
"664","r6880","rattus-exulans","Nan","2012-11-10",19.1392009892,100.7201280165
"665","r6842","mus-cervicolor","Nan","2012-11-08",19.1188239958,100.7797309756
"666","r6803","mus-cervicolor","Nan","2012-11-07",19.1188239958,100.7797309756
"667","r6928","mus-cervicolor","Nan","2013-03-23",19.1405760404,100.7196250185
"668","r6902","mus-cervicolor","Nan","2013-03-22",19.1391490214,100.7160610333
"669","r6964","mus-cervicolor","Nan","2013-03-24",19.1391490214,100.7160610333
"670","r6886","rattus-tanezumi","Nan","2013-03-21",19.1391490214,100.7160610333
"671","r6929","mus-cervicolor","Nan","2013-03-23",19.1402909718,100.7152059954
"672","r6887","rattus-tanezumi","Nan","2013-03-21",19.1402909718,100.7152059954
"673","r7004","mus-caroli","Nan","2013-03-26",19.0986179933,100.7812900096
"674","r7013","bandicota-indica","Nan","2013-03-28",19.0986179933,100.7812900096
"675","r7016","mus-cervicolor","Nan","2013-03-28",19.0986179933,100.7812900096
"676","r7017","mus-cervicolor","Nan","2013-03-28",19.0986179933,100.7812900096
"677","r7011","mus-cervicolor","Nan","2013-03-27",19.0986179933,100.7812900096
"678","r7003","mus-caroli","Nan","2013-03-26",19.0996730234,100.7832399756
"679","r7010","mus-cervicolor","Nan","2013-03-27",19.0996730234,100.7832399756
"680","r7020","mus-caroli","Nan","2013-03-30",19.0996730234,100.7832399756
"681","r7015","mus-cervicolor","Nan","2013-03-28",19.0996730234,100.7832399756
"682","r7014","bandicota-indica","Nan","2013-03-28",19.0986329969,100.7822899707
"683","r6990","mus-cervicolor","Nan","2013-03-26",19.0994489752,100.7905329857
"684","r7021","mus-caroli","Nan","2013-03-31",19.0994489752,100.7905329857
"685","r7022","mus-caroli","Nan","2013-04-01",19.0994489752,100.7905329857
"686","r7019","mus-caroli","Nan","2013-03-29",19.0979139972,100.7934249938
"687","r5447","rattus-exulans","Nan","2008-07-05",NA,NA
